Cage,Observation,Time,Day,Treatment,TimeSpent
1,1,AM,1,Pollen,0
1,2,AM,1,Pollen,0
1,3,AM,1,Pollen,0
2,1,AM,1,Pollen,223
2,2,AM,1,Pollen,0
2,3,AM,1,Pollen,0
3,1,AM,1,Pollen,0
3,2,AM,1,Pollen,0
3,3,AM,1,Pollen,0
4,1,AM,1,Pollen,0
4,2,AM,1,Pollen,0
4,3,AM,1,Pollen,0
5,1,AM,1,Pollen,0
5,2,AM,1,Pollen,0
5,3,AM,1,Pollen,0
6,1,AM,1,Pollen,0
6,2,AM,1,Pollen,0
6,3,AM,1,Pollen,0
7,1,AM,1,Pollen,42
7,2,AM,1,Pollen,0
7,3,AM,1,Pollen,0
8,1,AM,1,Pollen,0
8,2,AM,1,Pollen,0
8,3,AM,1,Pollen,0
9,1,AM,1,Pollen,0
9,2,AM,1,Pollen,0
9,3,AM,1,Pollen,0
10,1,AM,1,Pollen,0
10,2,AM,1,Pollen,0
10,3,AM,1,Pollen,0
1,1,PM,1,Pollen,0
1,2,PM,1,Pollen,0
1,3,PM,1,Pollen,0
2,1,PM,1,Pollen,0
2,2,PM,1,Pollen,0
2,3,PM,1,Pollen,0
3,1,PM,1,Pollen,0
3,2,PM,1,Pollen,0
3,3,PM,1,Pollen,0
4,1,PM,1,Pollen,0
4,2,PM,1,Pollen,0
4,3,PM,1,Pollen,0
5,1,PM,1,Pollen,0
5,2,PM,1,Pollen,0
5,3,PM,1,Pollen,0
6,1,PM,1,Pollen,0
6,2,PM,1,Pollen,0
6,3,PM,1,Pollen,0
7,1,PM,1,Pollen,0
7,2,PM,1,Pollen,0
7,3,PM,1,Pollen,0
8,1,PM,1,Pollen,0
8,2,PM,1,Pollen,0
8,3,PM,1,Pollen,0
9,1,PM,1,Pollen,0
9,2,PM,1,Pollen,0
9,3,PM,1,Pollen,0
10,1,PM,1,Pollen,0
10,2,PM,1,Pollen,0
10,3,PM,1,Pollen,0
1,1,AM,2,Pollen,0
1,2,AM,2,Pollen,0
1,3,AM,2,Pollen,0
2,1,AM,2,Pollen,0
2,2,AM,2,Pollen,0
2,3,AM,2,Pollen,0
3,1,AM,2,Pollen,11
3,2,AM,2,Pollen,4
3,3,AM,2,Pollen,4
4,1,AM,2,Pollen,300
4,2,AM,2,Pollen,0
4,3,AM,2,Pollen,0
5,1,AM,2,Pollen,0
5,2,AM,2,Pollen,0
5,3,AM,2,Pollen,0
6,1,AM,2,Pollen,6
6,2,AM,2,Pollen,0
6,3,AM,2,Pollen,0
7,1,AM,2,Pollen,9
7,2,AM,2,Pollen,5
7,3,AM,2,Pollen,0
8,1,AM,2,Pollen,22
8,2,AM,2,Pollen,0
8,3,AM,2,Pollen,0
9,1,AM,2,Pollen,0
9,2,AM,2,Pollen,0
9,3,AM,2,Pollen,0
10,1,AM,2,Pollen,9
10,2,AM,2,Pollen,6
10,3,AM,2,Pollen,0
1,1,PM,2,Pollen,0
1,2,PM,2,Pollen,0
1,3,PM,2,Pollen,0
2,1,PM,2,Pollen,101
2,2,PM,2,Pollen,0
2,3,PM,2,Pollen,0
3,1,PM,2,Pollen,26
3,2,PM,2,Pollen,3
3,3,PM,2,Pollen,9
4,1,PM,2,Pollen,13
4,2,PM,2,Pollen,24
4,3,PM,2,Pollen,15
5,1,PM,2,Pollen,0
5,2,PM,2,Pollen,0
5,3,PM,2,Pollen,0
6,1,PM,2,Pollen,0
6,2,PM,2,Pollen,0
6,3,PM,2,Pollen,0
7,1,PM,2,Pollen,47
7,2,PM,2,Pollen,177
7,3,PM,2,Pollen,199
8,1,PM,2,Pollen,31
8,2,PM,2,Pollen,199
8,3,PM,2,Pollen,0
9,1,PM,2,Pollen,0
9,2,PM,2,Pollen,0
9,3,PM,2,Pollen,0
10,1,PM,2,Pollen,0
10,2,PM,2,Pollen,0
10,3,PM,2,Pollen,0
1,1,AM,3,Pollen,42
1,2,AM,3,Pollen,0
1,3,AM,3,Pollen,0
2,1,AM,3,Pollen,0
2,2,AM,3,Pollen,0
2,3,AM,3,Pollen,0
3,1,AM,3,Pollen,0
3,2,AM,3,Pollen,0
3,3,AM,3,Pollen,0
4,1,AM,3,Pollen,8
4,2,AM,3,Pollen,0
4,3,AM,3,Pollen,0
5,1,AM,3,Pollen,178
5,2,AM,3,Pollen,0
5,3,AM,3,Pollen,0
6,1,AM,3,Pollen,79
6,2,AM,3,Pollen,0
6,3,AM,3,Pollen,0
7,1,AM,3,Pollen,86
7,2,AM,3,Pollen,18
7,3,AM,3,Pollen,167
8,1,AM,3,Pollen,18
8,2,AM,3,Pollen,9
8,3,AM,3,Pollen,69
9,1,AM,3,Pollen,0
9,2,AM,3,Pollen,0
9,3,AM,3,Pollen,0
10,1,AM,3,Pollen,138
10,2,AM,3,Pollen,0
10,3,AM,3,Pollen,0
1,1,PM,3,Pollen,0
1,2,PM,3,Pollen,0
1,3,PM,3,Pollen,0
2,1,PM,3,Pollen,0
2,2,PM,3,Pollen,0
2,3,PM,3,Pollen,0
3,1,PM,3,Pollen,161
3,2,PM,3,Pollen,22
3,3,PM,3,Pollen,0
4,1,PM,3,Pollen,189
4,2,PM,3,Pollen,127
4,3,PM,3,Pollen,40
5,1,PM,3,Pollen,0
5,2,PM,3,Pollen,0
5,3,PM,3,Pollen,0
6,1,PM,3,Pollen,0
6,2,PM,3,Pollen,0
6,3,PM,3,Pollen,0
7,1,PM,3,Pollen,121
7,2,PM,3,Pollen,178
7,3,PM,3,Pollen,0
8,1,PM,3,Pollen,300
8,2,PM,3,Pollen,0
8,3,PM,3,Pollen,0
9,1,PM,3,Pollen,0
9,2,PM,3,Pollen,0
9,3,PM,3,Pollen,0
10,1,PM,3,Pollen,51
10,2,PM,3,Pollen,300
10,3,PM,3,Pollen,0
1,1,AM,4,Pollen,0
1,2,AM,4,Pollen,0
1,3,AM,4,Pollen,0
2,1,AM,4,Pollen,138
2,2,AM,4,Pollen,113
2,3,AM,4,Pollen,44
3,1,AM,4,Pollen,137
3,2,AM,4,Pollen,0
3,3,AM,4,Pollen,0
4,1,AM,4,Pollen,0
4,2,AM,4,Pollen,0
4,3,AM,4,Pollen,0
5,1,AM,4,Pollen,232
5,2,AM,4,Pollen,0
5,3,AM,4,Pollen,0
6,1,AM,4,Pollen,189
6,2,AM,4,Pollen,0
6,3,AM,4,Pollen,0
7,1,AM,4,Pollen,11
7,2,AM,4,Pollen,93
7,3,AM,4,Pollen,0
8,1,AM,4,Pollen,0
8,2,AM,4,Pollen,0
8,3,AM,4,Pollen,0
9,1,AM,4,Pollen,0
9,2,AM,4,Pollen,0
9,3,AM,4,Pollen,0
10,1,AM,4,Pollen,80
10,2,AM,4,Pollen,215
10,3,AM,4,Pollen,300
1,1,PM,4,Pollen,0
1,2,PM,4,Pollen,0
1,3,PM,4,Pollen,0
2,1,PM,4,Pollen,47
2,2,PM,4,Pollen,0
2,3,PM,4,Pollen,0
3,1,PM,4,Pollen,154
3,2,PM,4,Pollen,0
3,3,PM,4,Pollen,0
4,1,PM,4,Pollen,8
4,2,PM,4,Pollen,79
4,3,PM,4,Pollen,0
5,1,PM,4,Pollen,300
5,2,PM,4,Pollen,0
5,3,PM,4,Pollen,0
6,1,PM,4,Pollen,0
6,2,PM,4,Pollen,0
6,3,PM,4,Pollen,0
7,1,PM,4,Pollen,300
7,2,PM,4,Pollen,0
7,3,PM,4,Pollen,0
8,1,PM,4,Pollen,0
8,2,PM,4,Pollen,0
8,3,PM,4,Pollen,0
9,1,PM,4,Pollen,0
9,2,PM,4,Pollen,0
9,3,PM,4,Pollen,0
10,1,PM,4,Pollen,300
10,2,PM,4,Pollen,0
10,3,PM,4,Pollen,0
1,1,AM,1,Ap23,0
1,2,AM,1,Ap23,0
1,3,AM,1,Ap23,0
2,1,AM,1,Ap23,0
2,2,AM,1,Ap23,0
2,3,AM,1,Ap23,0
3,1,AM,1,Ap23,0
3,2,AM,1,Ap23,0
3,3,AM,1,Ap23,0
4,1,AM,1,Ap23,0
4,2,AM,1,Ap23,0
4,3,AM,1,Ap23,0
5,1,AM,1,Ap23,0
5,2,AM,1,Ap23,0
5,3,AM,1,Ap23,0
6,1,AM,1,Ap23,0
6,2,AM,1,Ap23,0
6,3,AM,1,Ap23,0
7,1,AM,1,Ap23,0
7,2,AM,1,Ap23,0
7,3,AM,1,Ap23,0
8,1,AM,1,Ap23,0
8,2,AM,1,Ap23,0
8,3,AM,1,Ap23,0
9,1,AM,1,Ap23,0
9,2,AM,1,Ap23,0
9,3,AM,1,Ap23,0
10,1,AM,1,Ap23,0
10,2,AM,1,Ap23,0
10,3,AM,1,Ap23,0
1,1,PM,1,Ap23,0
1,2,PM,1,Ap23,0
1,3,PM,1,Ap23,0
2,1,PM,1,Ap23,0
2,2,PM,1,Ap23,0
2,3,PM,1,Ap23,0
3,1,PM,1,Ap23,0
3,2,PM,1,Ap23,0
3,3,PM,1,Ap23,0
4,1,PM,1,Ap23,0
4,2,PM,1,Ap23,0
4,3,PM,1,Ap23,0
5,1,PM,1,Ap23,0
5,2,PM,1,Ap23,0
5,3,PM,1,Ap23,0
6,1,PM,1,Ap23,0
6,2,PM,1,Ap23,0
6,3,PM,1,Ap23,0
7,1,PM,1,Ap23,262
7,2,PM,1,Ap23,0
7,3,PM,1,Ap23,0
8,1,PM,1,Ap23,0
8,2,PM,1,Ap23,0
8,3,PM,1,Ap23,0
9,1,PM,1,Ap23,0
9,2,PM,1,Ap23,0
9,3,PM,1,Ap23,0
10,1,PM,1,Ap23,0
10,2,PM,1,Ap23,0
10,3,PM,1,Ap23,0
1,1,AM,2,Ap23,0
1,2,AM,2,Ap23,0
1,3,AM,2,Ap23,0
2,1,AM,2,Ap23,0
2,2,AM,2,Ap23,0
2,3,AM,2,Ap23,0
3,1,AM,2,Ap23,0
3,2,AM,2,Ap23,0
3,3,AM,2,Ap23,0
4,1,AM,2,Ap23,0
4,2,AM,2,Ap23,0
4,3,AM,2,Ap23,0
5,1,AM,2,Ap23,0
5,2,AM,2,Ap23,0
5,3,AM,2,Ap23,0
6,1,AM,2,Ap23,19
6,2,AM,2,Ap23,0
6,3,AM,2,Ap23,0
7,1,AM,2,Ap23,0
7,2,AM,2,Ap23,0
7,3,AM,2,Ap23,0
8,1,AM,2,Ap23,0
8,2,AM,2,Ap23,0
8,3,AM,2,Ap23,0
9,1,AM,2,Ap23,0
9,2,AM,2,Ap23,0
9,3,AM,2,Ap23,0
10,1,AM,2,Ap23,0
10,2,AM,2,Ap23,0
10,3,AM,2,Ap23,0
1,1,PM,2,Ap23,32
1,2,PM,2,Ap23,69
1,3,PM,2,Ap23,0
2,1,PM,2,Ap23,249
2,2,PM,2,Ap23,300
2,3,PM,2,Ap23,300
3,1,PM,2,Ap23,0
3,2,PM,2,Ap23,0
3,3,PM,2,Ap23,0
4,1,PM,2,Ap23,0
4,2,PM,2,Ap23,0
4,3,PM,2,Ap23,0
5,1,PM,2,Ap23,0
5,2,PM,2,Ap23,0
5,3,PM,2,Ap23,0
6,1,PM,2,Ap23,0
6,2,PM,2,Ap23,0
6,3,PM,2,Ap23,0
7,1,PM,2,Ap23,0
7,2,PM,2,Ap23,0
7,3,PM,2,Ap23,0
8,1,PM,2,Ap23,0
8,2,PM,2,Ap23,0
8,3,PM,2,Ap23,0
9,1,PM,2,Ap23,0
9,2,PM,2,Ap23,0
9,3,PM,2,Ap23,0
10,1,PM,2,Ap23,0
10,2,PM,2,Ap23,0
10,3,PM,2,Ap23,0
1,1,AM,3,Ap23,0
1,2,AM,3,Ap23,0
1,3,AM,3,Ap23,0
2,1,AM,3,Ap23,0
2,2,AM,3,Ap23,0
2,3,AM,3,Ap23,0
3,1,AM,3,Ap23,102
3,2,AM,3,Ap23,0
3,3,AM,3,Ap23,0
4,1,AM,3,Ap23,0
4,2,AM,3,Ap23,0
4,3,AM,3,Ap23,0
5,1,AM,3,Ap23,0
5,2,AM,3,Ap23,0
5,3,AM,3,Ap23,0
6,1,AM,3,Ap23,0
6,2,AM,3,Ap23,0
6,3,AM,3,Ap23,0
7,1,AM,3,Ap23,0
7,2,AM,3,Ap23,0
7,3,AM,3,Ap23,0
8,1,AM,3,Ap23,0
8,2,AM,3,Ap23,0
8,3,AM,3,Ap23,0
9,1,AM,3,Ap23,0
9,2,AM,3,Ap23,0
9,3,AM,3,Ap23,0
10,1,AM,3,Ap23,0
10,2,AM,3,Ap23,0
10,3,AM,3,Ap23,0
1,1,PM,3,Ap23,231
1,2,PM,3,Ap23,0
1,3,PM,3,Ap23,0
2,1,PM,3,Ap23,0
2,2,PM,3,Ap23,0
2,3,PM,3,Ap23,0
3,1,PM,3,Ap23,0
3,2,PM,3,Ap23,0
3,3,PM,3,Ap23,0
4,1,PM,3,Ap23,0
4,2,PM,3,Ap23,0
4,3,PM,3,Ap23,0
5,1,PM,3,Ap23,0
5,2,PM,3,Ap23,0
5,3,PM,3,Ap23,0
6,1,PM,3,Ap23,0
6,2,PM,3,Ap23,0
6,3,PM,3,Ap23,0
7,1,PM,3,Ap23,0
7,2,PM,3,Ap23,0
7,3,PM,3,Ap23,0
8,1,PM,3,Ap23,157
8,2,PM,3,Ap23,0
8,3,PM,3,Ap23,0
9,1,PM,3,Ap23,0
9,2,PM,3,Ap23,0
9,3,PM,3,Ap23,0
10,1,PM,3,Ap23,0
10,2,PM,3,Ap23,0
10,3,PM,3,Ap23,0
1,1,AM,4,Ap23,0
1,2,AM,4,Ap23,0
1,3,AM,4,Ap23,0
2,1,AM,4,Ap23,0
2,2,AM,4,Ap23,0
2,3,AM,4,Ap23,0
3,1,AM,4,Ap23,0
3,2,AM,4,Ap23,0
3,3,AM,4,Ap23,0
4,1,AM,4,Ap23,0
4,2,AM,4,Ap23,0
4,3,AM,4,Ap23,0
5,1,AM,4,Ap23,0
5,2,AM,4,Ap23,0
5,3,AM,4,Ap23,0
6,1,AM,4,Ap23,0
6,2,AM,4,Ap23,0
6,3,AM,4,Ap23,0
7,1,AM,4,Ap23,0
7,2,AM,4,Ap23,0
7,3,AM,4,Ap23,0
8,1,AM,4,Ap23,0
8,2,AM,4,Ap23,0
8,3,AM,4,Ap23,0
9,1,AM,4,Ap23,0
9,2,AM,4,Ap23,0
9,3,AM,4,Ap23,0
10,1,AM,4,Ap23,0
10,2,AM,4,Ap23,0
10,3,AM,4,Ap23,0
1,1,PM,4,Ap23,190
1,2,PM,4,Ap23,0
1,3,PM,4,Ap23,0
2,1,PM,4,Ap23,0
2,2,PM,4,Ap23,0
2,3,PM,4,Ap23,0
3,1,PM,4,Ap23,0
3,2,PM,4,Ap23,0
3,3,PM,4,Ap23,0
4,1,PM,4,Ap23,0
4,2,PM,4,Ap23,0
4,3,PM,4,Ap23,0
5,1,PM,4,Ap23,0
5,2,PM,4,Ap23,0
5,3,PM,4,Ap23,0
6,1,PM,4,Ap23,0
6,2,PM,4,Ap23,0
6,3,PM,4,Ap23,0
7,1,PM,4,Ap23,0
7,2,PM,4,Ap23,0
7,3,PM,4,Ap23,0
8,1,PM,4,Ap23,0
8,2,PM,4,Ap23,0
8,3,PM,4,Ap23,0
9,1,PM,4,Ap23,0
9,2,PM,4,Ap23,0
9,3,PM,4,Ap23,0
10,1,PM,4,Ap23,0
10,2,PM,4,Ap23,0
10,3,PM,4,Ap23,0
1,1,AM,1,UltraBee,0
1,2,AM,1,UltraBee,0
1,3,AM,1,UltraBee,0
2,1,AM,1,UltraBee,0
2,2,AM,1,UltraBee,0
2,3,AM,1,UltraBee,0
3,1,AM,1,UltraBee,0
3,2,AM,1,UltraBee,0
3,3,AM,1,UltraBee,0
4,1,AM,1,UltraBee,0
4,2,AM,1,UltraBee,0
4,3,AM,1,UltraBee,0
5,1,AM,1,UltraBee,0
5,2,AM,1,UltraBee,0
5,3,AM,1,UltraBee,0
6,1,AM,1,UltraBee,0
6,2,AM,1,UltraBee,0
6,3,AM,1,UltraBee,0
7,1,AM,1,UltraBee,38
7,2,AM,1,UltraBee,0
7,3,AM,1,UltraBee,0
8,1,AM,1,UltraBee,0
8,2,AM,1,UltraBee,0
8,3,AM,1,UltraBee,0
9,1,AM,1,UltraBee,0
9,2,AM,1,UltraBee,0
9,3,AM,1,UltraBee,0
10,1,AM,1,UltraBee,0
10,2,AM,1,UltraBee,0
10,3,AM,1,UltraBee,0
1,1,PM,1,UltraBee,0
1,2,PM,1,UltraBee,0
1,3,PM,1,UltraBee,0
2,1,PM,1,UltraBee,0
2,2,PM,1,UltraBee,0
2,3,PM,1,UltraBee,0
3,1,PM,1,UltraBee,0
3,2,PM,1,UltraBee,0
3,3,PM,1,UltraBee,0
4,1,PM,1,UltraBee,0
4,2,PM,1,UltraBee,0
4,3,PM,1,UltraBee,0
5,1,PM,1,UltraBee,0
5,2,PM,1,UltraBee,0
5,3,PM,1,UltraBee,0
6,1,PM,1,UltraBee,0
6,2,PM,1,UltraBee,0
6,3,PM,1,UltraBee,0
7,1,PM,1,UltraBee,0
7,2,PM,1,UltraBee,0
7,3,PM,1,UltraBee,0
8,1,PM,1,UltraBee,0
8,2,PM,1,UltraBee,0
8,3,PM,1,UltraBee,0
9,1,PM,1,UltraBee,0
9,2,PM,1,UltraBee,0
9,3,PM,1,UltraBee,0
10,1,PM,1,UltraBee,0
10,2,PM,1,UltraBee,0
10,3,PM,1,UltraBee,0
1,1,AM,2,UltraBee,0
1,2,AM,2,UltraBee,0
1,3,AM,2,UltraBee,0
2,1,AM,2,UltraBee,0
2,2,AM,2,UltraBee,0
2,3,AM,2,UltraBee,0
3,1,AM,2,UltraBee,0
3,2,AM,2,UltraBee,0
3,3,AM,2,UltraBee,0
4,1,AM,2,UltraBee,0
4,2,AM,2,UltraBee,0
4,3,AM,2,UltraBee,0
5,1,AM,2,UltraBee,0
5,2,AM,2,UltraBee,0
5,3,AM,2,UltraBee,0
6,1,AM,2,UltraBee,0
6,2,AM,2,UltraBee,0
6,3,AM,2,UltraBee,0
7,1,AM,2,UltraBee,0
7,2,AM,2,UltraBee,0
7,3,AM,2,UltraBee,0
8,1,AM,2,UltraBee,0
8,2,AM,2,UltraBee,0
8,3,AM,2,UltraBee,0
9,1,AM,2,UltraBee,0
9,2,AM,2,UltraBee,0
9,3,AM,2,UltraBee,0
10,1,AM,2,UltraBee,0
10,2,AM,2,UltraBee,0
10,3,AM,2,UltraBee,0
1,1,PM,2,UltraBee,0
1,2,PM,2,UltraBee,0
1,3,PM,2,UltraBee,0
2,1,PM,2,UltraBee,0
2,2,PM,2,UltraBee,0
2,3,PM,2,UltraBee,0
3,1,PM,2,UltraBee,0
3,2,PM,2,UltraBee,0
3,3,PM,2,UltraBee,0
4,1,PM,2,UltraBee,0
4,2,PM,2,UltraBee,0
4,3,PM,2,UltraBee,0
5,1,PM,2,UltraBee,0
5,2,PM,2,UltraBee,0
5,3,PM,2,UltraBee,0
6,1,PM,2,UltraBee,0
6,2,PM,2,UltraBee,0
6,3,PM,2,UltraBee,0
7,1,PM,2,UltraBee,0
7,2,PM,2,UltraBee,0
7,3,PM,2,UltraBee,0
8,1,PM,2,UltraBee,0
8,2,PM,2,UltraBee,0
8,3,PM,2,UltraBee,0
9,1,PM,2,UltraBee,0
9,2,PM,2,UltraBee,0
9,3,PM,2,UltraBee,0
10,1,PM,2,UltraBee,0
10,2,PM,2,UltraBee,0
10,3,PM,2,UltraBee,0
1,1,AM,3,UltraBee,0
1,2,AM,3,UltraBee,0
1,3,AM,3,UltraBee,0
2,1,AM,3,UltraBee,0
2,2,AM,3,UltraBee,0
2,3,AM,3,UltraBee,0
3,1,AM,3,UltraBee,0
3,2,AM,3,UltraBee,0
3,3,AM,3,UltraBee,0
4,1,AM,3,UltraBee,0
4,2,AM,3,UltraBee,0
4,3,AM,3,UltraBee,0
5,1,AM,3,UltraBee,0
5,2,AM,3,UltraBee,0
5,3,AM,3,UltraBee,0
6,1,AM,3,UltraBee,0
6,2,AM,3,UltraBee,0
6,3,AM,3,UltraBee,0
7,1,AM,3,UltraBee,0
7,2,AM,3,UltraBee,0
7,3,AM,3,UltraBee,0
8,1,AM,3,UltraBee,0
8,2,AM,3,UltraBee,0
8,3,AM,3,UltraBee,0
9,1,AM,3,UltraBee,0
9,2,AM,3,UltraBee,0
9,3,AM,3,UltraBee,0
10,1,AM,3,UltraBee,0
10,2,AM,3,UltraBee,0
10,3,AM,3,UltraBee,0
1,1,PM,3,UltraBee,0
1,2,PM,3,UltraBee,0
1,3,PM,3,UltraBee,0
2,1,PM,3,UltraBee,0
2,2,PM,3,UltraBee,0
2,3,PM,3,UltraBee,0
3,1,PM,3,UltraBee,0
3,2,PM,3,UltraBee,0
3,3,PM,3,UltraBee,0
4,1,PM,3,UltraBee,0
4,2,PM,3,UltraBee,0
4,3,PM,3,UltraBee,0
5,1,PM,3,UltraBee,0
5,2,PM,3,UltraBee,0
5,3,PM,3,UltraBee,0
6,1,PM,3,UltraBee,0
6,2,PM,3,UltraBee,0
6,3,PM,3,UltraBee,0
7,1,PM,3,UltraBee,0
7,2,PM,3,UltraBee,0
7,3,PM,3,UltraBee,0
8,1,PM,3,UltraBee,0
8,2,PM,3,UltraBee,0
8,3,PM,3,UltraBee,0
9,1,PM,3,UltraBee,300
9,2,PM,3,UltraBee,0
9,3,PM,3,UltraBee,0
10,1,PM,3,UltraBee,0
10,2,PM,3,UltraBee,0
10,3,PM,3,UltraBee,0
1,1,AM,4,UltraBee,0
1,2,AM,4,UltraBee,0
1,3,AM,4,UltraBee,0
2,1,AM,4,UltraBee,0
2,2,AM,4,UltraBee,0
2,3,AM,4,UltraBee,0
3,1,AM,4,UltraBee,0
3,2,AM,4,UltraBee,0
3,3,AM,4,UltraBee,0
4,1,AM,4,UltraBee,0
4,2,AM,4,UltraBee,0
4,3,AM,4,UltraBee,0
5,1,AM,4,UltraBee,0
5,2,AM,4,UltraBee,0
5,3,AM,4,UltraBee,0
6,1,AM,4,UltraBee,0
6,2,AM,4,UltraBee,0
6,3,AM,4,UltraBee,0
7,1,AM,4,UltraBee,0
7,2,AM,4,UltraBee,0
7,3,AM,4,UltraBee,0
8,1,AM,4,UltraBee,0
8,2,AM,4,UltraBee,0
8,3,AM,4,UltraBee,0
9,1,AM,4,UltraBee,0
9,2,AM,4,UltraBee,0
9,3,AM,4,UltraBee,0
10,1,AM,4,UltraBee,0
10,2,AM,4,UltraBee,0
10,3,AM,4,UltraBee,0
1,1,PM,4,UltraBee,0
1,2,PM,4,UltraBee,0
1,3,PM,4,UltraBee,0
2,1,PM,4,UltraBee,0
2,2,PM,4,UltraBee,0
2,3,PM,4,UltraBee,0
3,1,PM,4,UltraBee,0
3,2,PM,4,UltraBee,0
3,3,PM,4,UltraBee,0
4,1,PM,4,UltraBee,0
4,2,PM,4,UltraBee,0
4,3,PM,4,UltraBee,0
5,1,PM,4,UltraBee,0
5,2,PM,4,UltraBee,0
5,3,PM,4,UltraBee,0
6,1,PM,4,UltraBee,0
6,2,PM,4,UltraBee,0
6,3,PM,4,UltraBee,0
7,1,PM,4,UltraBee,0
7,2,PM,4,UltraBee,0
7,3,PM,4,UltraBee,0
8,1,PM,4,UltraBee,0
8,2,PM,4,UltraBee,0
8,3,PM,4,UltraBee,0
9,1,PM,4,UltraBee,0
9,2,PM,4,UltraBee,0
9,3,PM,4,UltraBee,0
10,1,PM,4,UltraBee,0
10,2,PM,4,UltraBee,0
10,3,PM,4,UltraBee,0
1,1,AM,1,MegaBee,0
1,2,AM,1,MegaBee,0
1,3,AM,1,MegaBee,0
2,1,AM,1,MegaBee,0
2,2,AM,1,MegaBee,0
2,3,AM,1,MegaBee,0
3,1,AM,1,MegaBee,0
3,2,AM,1,MegaBee,0
3,3,AM,1,MegaBee,0
4,1,AM,1,MegaBee,198
4,2,AM,1,MegaBee,0
4,3,AM,1,MegaBee,0
5,1,AM,1,MegaBee,0
5,2,AM,1,MegaBee,0
5,3,AM,1,MegaBee,0
6,1,AM,1,MegaBee,0
6,2,AM,1,MegaBee,0
6,3,AM,1,MegaBee,0
7,1,AM,1,MegaBee,21
7,2,AM,1,MegaBee,3
7,3,AM,1,MegaBee,0
8,1,AM,1,MegaBee,0
8,2,AM,1,MegaBee,0
8,3,AM,1,MegaBee,0
9,1,AM,1,MegaBee,9
9,2,AM,1,MegaBee,0
9,3,AM,1,MegaBee,0
10,1,AM,1,MegaBee,0
10,2,AM,1,MegaBee,0
10,3,AM,1,MegaBee,0
1,1,PM,1,MegaBee,0
1,2,PM,1,MegaBee,0
1,3,PM,1,MegaBee,0
2,1,PM,1,MegaBee,0
2,2,PM,1,MegaBee,0
2,3,PM,1,MegaBee,0
3,1,PM,1,MegaBee,0
3,2,PM,1,MegaBee,0
3,3,PM,1,MegaBee,0
4,1,PM,1,MegaBee,0
4,2,PM,1,MegaBee,0
4,3,PM,1,MegaBee,0
5,1,PM,1,MegaBee,0
5,2,PM,1,MegaBee,0
5,3,PM,1,MegaBee,0
6,1,PM,1,MegaBee,0
6,2,PM,1,MegaBee,0
6,3,PM,1,MegaBee,0
7,1,PM,1,MegaBee,81
7,2,PM,1,MegaBee,0
7,3,PM,1,MegaBee,0
8,1,PM,1,MegaBee,0
8,2,PM,1,MegaBee,0
8,3,PM,1,MegaBee,0
9,1,PM,1,MegaBee,0
9,2,PM,1,MegaBee,0
9,3,PM,1,MegaBee,0
10,1,PM,1,MegaBee,0
10,2,PM,1,MegaBee,0
10,3,PM,1,MegaBee,0
1,1,AM,2,MegaBee,0
1,2,AM,2,MegaBee,0
1,3,AM,2,MegaBee,0
2,1,AM,2,MegaBee,0
2,2,AM,2,MegaBee,0
2,3,AM,2,MegaBee,0
3,1,AM,2,MegaBee,0
3,2,AM,2,MegaBee,0
3,3,AM,2,MegaBee,0
4,1,AM,2,MegaBee,0
4,2,AM,2,MegaBee,0
4,3,AM,2,MegaBee,0
5,1,AM,2,MegaBee,0
5,2,AM,2,MegaBee,0
5,3,AM,2,MegaBee,0
6,1,AM,2,MegaBee,0
6,2,AM,2,MegaBee,0
6,3,AM,2,MegaBee,0
7,1,AM,2,MegaBee,0
7,2,AM,2,MegaBee,0
7,3,AM,2,MegaBee,0
8,1,AM,2,MegaBee,0
8,2,AM,2,MegaBee,0
8,3,AM,2,MegaBee,0
9,1,AM,2,MegaBee,0
9,2,AM,2,MegaBee,0
9,3,AM,2,MegaBee,0
10,1,AM,2,MegaBee,0
10,2,AM,2,MegaBee,0
10,3,AM,2,MegaBee,0
1,1,PM,2,MegaBee,0
1,2,PM,2,MegaBee,0
1,3,PM,2,MegaBee,0
2,1,PM,2,MegaBee,0
2,2,PM,2,MegaBee,0
2,3,PM,2,MegaBee,0
3,1,PM,2,MegaBee,10
3,2,PM,2,MegaBee,0
3,3,PM,2,MegaBee,0
4,1,PM,2,MegaBee,0
4,2,PM,2,MegaBee,0
4,3,PM,2,MegaBee,0
5,1,PM,2,MegaBee,0
5,2,PM,2,MegaBee,0
5,3,PM,2,MegaBee,0
6,1,PM,2,MegaBee,0
6,2,PM,2,MegaBee,0
6,3,PM,2,MegaBee,0
7,1,PM,2,MegaBee,0
7,2,PM,2,MegaBee,0
7,3,PM,2,MegaBee,0
8,1,PM,2,MegaBee,0
8,2,PM,2,MegaBee,0
8,3,PM,2,MegaBee,0
9,1,PM,2,MegaBee,0
9,2,PM,2,MegaBee,0
9,3,PM,2,MegaBee,0
10,1,PM,2,MegaBee,0
10,2,PM,2,MegaBee,0
10,3,PM,2,MegaBee,0
1,1,AM,3,MegaBee,0
1,2,AM,3,MegaBee,0
1,3,AM,3,MegaBee,0
2,1,AM,3,MegaBee,0
2,2,AM,3,MegaBee,0
2,3,AM,3,MegaBee,0
3,1,AM,3,MegaBee,0
3,2,AM,3,MegaBee,0
3,3,AM,3,MegaBee,0
4,1,AM,3,MegaBee,0
4,2,AM,3,MegaBee,0
4,3,AM,3,MegaBee,0
5,1,AM,3,MegaBee,0
5,2,AM,3,MegaBee,0
5,3,AM,3,MegaBee,0
6,1,AM,3,MegaBee,0
6,2,AM,3,MegaBee,0
6,3,AM,3,MegaBee,0
7,1,AM,3,MegaBee,0
7,2,AM,3,MegaBee,0
7,3,AM,3,MegaBee,0
8,1,AM,3,MegaBee,0
8,2,AM,3,MegaBee,0
8,3,AM,3,MegaBee,0
9,1,AM,3,MegaBee,9
9,2,AM,3,MegaBee,0
9,3,AM,3,MegaBee,0
10,1,AM,3,MegaBee,0
10,2,AM,3,MegaBee,0
10,3,AM,3,MegaBee,0
1,1,PM,3,MegaBee,0
1,2,PM,3,MegaBee,0
1,3,PM,3,MegaBee,0
2,1,PM,3,MegaBee,0
2,2,PM,3,MegaBee,0
2,3,PM,3,MegaBee,0
3,1,PM,3,MegaBee,0
3,2,PM,3,MegaBee,0
3,3,PM,3,MegaBee,0
4,1,PM,3,MegaBee,0
4,2,PM,3,MegaBee,0
4,3,PM,3,MegaBee,0
5,1,PM,3,MegaBee,0
5,2,PM,3,MegaBee,0
5,3,PM,3,MegaBee,0
6,1,PM,3,MegaBee,0
6,2,PM,3,MegaBee,0
6,3,PM,3,MegaBee,0
7,1,PM,3,MegaBee,0
7,2,PM,3,MegaBee,0
7,3,PM,3,MegaBee,0
8,1,PM,3,MegaBee,0
8,2,PM,3,MegaBee,0
8,3,PM,3,MegaBee,0
9,1,PM,3,MegaBee,0
9,2,PM,3,MegaBee,0
9,3,PM,3,MegaBee,0
10,1,PM,3,MegaBee,0
10,2,PM,3,MegaBee,0
10,3,PM,3,MegaBee,0
1,1,AM,4,MegaBee,7
1,2,AM,4,MegaBee,49
1,3,AM,4,MegaBee,0
2,1,AM,4,MegaBee,0
2,2,AM,4,MegaBee,0
2,3,AM,4,MegaBee,0
3,1,AM,4,MegaBee,0
3,2,AM,4,MegaBee,0
3,3,AM,4,MegaBee,0
4,1,AM,4,MegaBee,0
4,2,AM,4,MegaBee,0
4,3,AM,4,MegaBee,0
5,1,AM,4,MegaBee,0
5,2,AM,4,MegaBee,0
5,3,AM,4,MegaBee,0
6,1,AM,4,MegaBee,0
6,2,AM,4,MegaBee,0
6,3,AM,4,MegaBee,0
7,1,AM,4,MegaBee,0
7,2,AM,4,MegaBee,0
7,3,AM,4,MegaBee,0
8,1,AM,4,MegaBee,0
8,2,AM,4,MegaBee,0
8,3,AM,4,MegaBee,0
9,1,AM,4,MegaBee,9
9,2,AM,4,MegaBee,0
9,3,AM,4,MegaBee,0
10,1,AM,4,MegaBee,0
10,2,AM,4,MegaBee,0
10,3,AM,4,MegaBee,0
1,1,PM,4,MegaBee,0
1,2,PM,4,MegaBee,0
1,3,PM,4,MegaBee,0
2,1,PM,4,MegaBee,0
2,2,PM,4,MegaBee,0
2,3,PM,4,MegaBee,0
3,1,PM,4,MegaBee,0
3,2,PM,4,MegaBee,0
3,3,PM,4,MegaBee,0
4,1,PM,4,MegaBee,0
4,2,PM,4,MegaBee,0
4,3,PM,4,MegaBee,0
5,1,PM,4,MegaBee,0
5,2,PM,4,MegaBee,0
5,3,PM,4,MegaBee,0
6,1,PM,4,MegaBee,0
6,2,PM,4,MegaBee,0
6,3,PM,4,MegaBee,0
7,1,PM,4,MegaBee,0
7,2,PM,4,MegaBee,0
7,3,PM,4,MegaBee,0
8,1,PM,4,MegaBee,0
8,2,PM,4,MegaBee,0
8,3,PM,4,MegaBee,0
9,1,PM,4,MegaBee,0
9,2,PM,4,MegaBee,0
9,3,PM,4,MegaBee,0
10,1,PM,4,MegaBee,0
10,2,PM,4,MegaBee,0
10,3,PM,4,MegaBee,0
